Energy (eV),Spectrum (Gw/sr/eV),Time (ns)
0,0.000448179420943203,4
2.48624312156078,0.000566860576002567,4
4.97248624312156,0.000683765616837492,4
7.45872936468234,0.000798899836427228,4
9.94497248624312,0.000912268527751025,4
12.4312156078039,0.00102387698378813,4
14.9174587293647,0.0011337304975178,4
17.4037018509255,0.00124183436191929,4
19.8899449724862,0.00134819386997183,4
22.376188094047,0.00145281431465469,4
24.8624312156078,0.00155570098894711,4
27.3486743371686,0.00165685918582834,4
29.8349174587294,0.00175629419827764,4
32.3211605802902,0.00185401131927425,4
34.8074037018509,0.00195001584179742,4
37.2936468234117,0.00204431305882641,4
39.7798899449725,0.00213690826334047,4
42.2661330665333,0.00222780674831883,4
44.7523761880941,0.00231701380674077,4
47.2386193096548,0.00240453473158552,4
49.7248624312156,0.00249037481583233,4
52.2111055527764,0.00257453935246046,4
54.6973486743372,0.00265703363444916,4
57.183591795898,0.00273786295477768,4
59.6698349174587,0.00281703260642526,4
62.1560780390195,0.00289454788237116,4
64.6423211605803,0.00297041407559462,4
67.1285642821411,0.0030446364790749,4
69.6148074037019,0.00311722038579126,4
72.1010505252626,0.00318817108872293,4
74.5872936468234,0.00325749388084917,4
77.0735367683842,0.00332519405514922,4
79.559779889945,0.00339127690460235,4
82.0460230115058,0.0034557477221878,4
84.5322661330665,0.00351861180088481,4
87.0185092546273,0.00357987443367265,4
89.5047523761881,0.00363954091353056,4
91.9909954977489,0.00369761653343779,4
94.4772386193097,0.00375410658637358,4
96.9634817408704,0.0038090163653172,4
99.4497248624312,0.0038623511632479,4
101.935967983992,0.00391411627314491,4
104.422211105553,0.0039643169879875,4
106.908454227114,0.0040129586007549,4
109.394697348674,0.00406004640442638,4
111.880940470235,0.00410558569198119,4
114.367183591796,0.00414958175639856,4
116.853426713357,0.00419203989065776,4
119.339669834917,0.00423296538773804,4
121.825912956478,0.00427236354061864,4
124.312156078039,0.00431023964227881,4
126.7983991996,0.00434659898569781,4
129.284642321161,0.00438144686385488,4
131.770885442721,0.00441478856972928,4
134.257128564282,0.00444662939630025,4
136.743371685843,0.00447697463654705,4
139.229614807404,0.00450582958344893,4
141.715857928964,0.00453319952998513,4
144.202101050525,0.00455908976913491,4
146.688344172086,0.00458350559387752,4
149.174587293647,0.0046064522971922,4
151.660830415208,0.00462793517205821,4
154.147073536768,0.0046479595114548,4
156.633316658329,0.00466653060836122,4
159.11955977989,0.00468365375575671,4
161.605802901451,0.00469933424662054,4
164.092046023012,0.00471357737393194,4
166.578289144572,0.00472638843067018,4
169.064532266133,0.00473777270981449,4
171.550775387694,0.00474773550434413,4
174.037018509255,0.00475628210723835,4
176.523261630815,0.00476341781147641,4
179.009504752376,0.00476914791003754,4
181.495747873937,0.00477347769590101,4
183.981990995498,0.00477641246204605,4
186.468234117059,0.00477795750145193,4
188.954477238619,0.00477793785231341,4
191.44072036018,0.00477460354584308,4
193.926963481741,0.00476763162344364,4
196.413206603302,0.00475717254806167,4
198.899449724862,0.00474337678264371,4
201.385692846423,0.00472639479013634,4
203.871935967984,0.00470637703348612,4
206.358179089545,0.0046834739756396,4
208.844422211106,0.00465783607954337,4
211.330665332666,0.00462961380814396,4
213.816908454227,0.00459895762438796,4
216.303151575788,0.00456601799122192,4
218.789394697349,0.00453094537159241,4
221.275637818909,0.00449389022844598,4
223.76188094047,0.00445500302472921,4
226.248124062031,0.00441443422338865,4
228.734367183592,0.00437233428737086,4
231.220610305153,0.00432885367962242,4
233.706853426713,0.00428414286308988,4
236.193096548274,0.00423835230071981,4
238.679339669835,0.00419163245545876,4
241.165582791396,0.00414413379025331,4
243.651825912957,0.00409600676805001,4
246.138069034517,0.00404740185179543,4
248.624312156078,0.00399846950443613,4
251.110555277639,0.00394936018891867,4
253.5967983992,0.00390022436818962,4
256.08304152076,0.00385121250519554,4
258.569284642321,0.00380247506288299,4
261.055527763882,0.00375416250419854,4
263.541770885443,0.00370642529208875,4
266.028014007004,0.00365941388950018,4
268.514257128564,0.00361327875937939,4
271.000500250125,0.00356817036467295,4
273.486743371686,0.00352423916832742,4
275.972986493247,0.00348163563328936,4
278.459229614807,0.00344051022250534,4
280.945472736368,0.00340101339892192,4
283.431715857929,0.00336329562548566,4
285.91795897949,0.00332669765920373,4
288.404202101051,0.00328946342463598,4
290.890445222611,0.00325154702028695,4
293.376688344172,0.00321297252950807,4
295.862931465733,0.00317376403565079,4
298.349174587294,0.00313394562206658,4
300.835417708854,0.00309354137210686,4
303.321660830415,0.0030525753691231,4
305.807903951976,0.00301107169646674,4
308.294147073537,0.00296905443748922,4
310.780390195098,0.002926547675542,4
313.266633316658,0.00288357549397653,4
315.752876438219,0.00284016197614425,4
318.23911955978,0.00279633120539661,4
320.725362681341,0.00275210726508506,4
323.211605802902,0.00270751423856104,4
325.697848924462,0.00266257620917601,4
328.184092046023,0.00261731726028142,4
330.670335167584,0.00257176147522871,4
333.156578289145,0.00252593293736932,4
335.642821410705,0.00247985573005472,4
338.129064532266,0.00243355393663634,4
340.615307653827,0.00238705164046564,4
343.101550775388,0.00234037292489406,4
345.587793896949,0.00229354187327305,4
348.074037018509,0.00224658256895407,4
350.56028014007,0.00219951909528855,4
353.046523261631,0.00215237553562794,4
355.532766383192,0.0021051759733237,4
358.019009504752,0.00205794449172728,4
360.505252626313,0.00201070517419011,4
362.991495747874,0.00196348210406365,4
365.477738869435,0.00191629936469936,4
367.963981990996,0.00186918103944866,4
370.450225112556,0.00182215121166302,4
372.936468234117,0.00177523396469389,4
375.422711355678,0.0017284533818927,4
377.908954477239,0.00168183354661091,4
380.395197598799,0.00163539854219997,4
382.88144072036,0.00158917245201132,4
385.367683841921,0.00154317935939642,4
387.853926963482,0.00149744334770671,4
390.340170085043,0.00145198850029363,4
392.826413206603,0.00140683890050865,4
395.312656328164,0.0013620186317032,4
397.798899449725,0.00131755177722874,4
400.285142571286,0.00127346242043671,4
402.771385692846,0.00122977464467856,4
405.257628814407,0.00118651253330573,4
407.743871935968,0.00114370016966969,4
410.230115057529,0.00110136163712187,4
412.71635817909,0.00105952101901373,4
415.20260130065,0.00101820239869671,4
417.688844422211,0.000977429859522256,4
420.175087543772,0.000937227484841823,4
422.661330665333,0.000897619358006857,4
425.147573786894,0.000858629562368806,4
427.633816908454,0.000820282181279118,4
430.120060030015,0.000782601298089241,4
432.606303151576,0.000745610996150625,4
435.092546273137,0.000709335358814717,4
437.578789394697,0.000673798469432964,4
440.065032516258,0.000639024411356816,4
442.551275637819,0.000605037267937721,4
445.03751875938,0.000571861122527127,4
447.52376188094,0.000539520058476482,4
450.010005002501,0.000508038159137235,4
452.496248124062,0.000477439507860833,4
454.982491245623,0.000447748187998725,4
457.468734367184,0.000418988282902359,4
459.954977488744,0.000391183875923183,4
462.441220610305,0.000364359050412646,4
464.927463731866,0.000338537889722196,4
467.413706853427,0.000313744477203281,4
469.899949974988,0.000290002896207349,4
472.386193096548,0.000267337230085849,4
474.872436218109,0.000245771562190229,4
477.35867933967,0.000225329975871936,4
479.844922461231,0.00020603655448242,4
482.331165582791,0.000187915381373129,4
484.817408704352,0.00017099053989551,4
487.303651825913,0.000155286113401011,4
489.789894947474,0.000140826185241083,4
492.276138069035,0.000127634838767171,4
494.762381190595,0.000115736157330726,4
497.248624312156,0.000105154224283194,4
499.734867433717,9.59131229760248E-05,4
502.221110555278,8.80369367606652E-05,4
504.707353676838,8.15497489885645E-05,4
507.193596798399,7.64756430111707E-05,4
509.67983991996,7.28387021799327E-05,4
512.166083041521,7.06630098462973E-05,4
514.652326163082,6.96436712643483E-05,4
517.138569284642,6.87167402095325E-05,4
519.624812406203,6.77988670915859E-05,4
522.111055527764,6.68900462100094E-05,4
524.597298649325,6.5990271864304E-05,4
527.083541770886,6.50995383539703E-05,4
529.569784892446,6.42178399785094E-05,4
532.056028014007,6.3345171037422E-05,4
534.542271135568,6.2481525830209E-05,4
537.028514257129,6.16268986563713E-05,4
539.514757378689,6.07812838154096E-05,4
542.00100050025,5.99446756068248E-05,4
544.487243621811,5.91170683301178E-05,4
546.973486743372,5.82984562847895E-05,4
549.459729864933,5.74888337703406E-05,4
551.945972986493,5.6688195086272E-05,4
554.432216108054,5.58965345320847E-05,4
556.918459229615,5.51138464072793E-05,4
559.404702351176,5.43401250113569E-05,4
561.890945472736,5.35753646438181E-05,4
564.377188594297,5.28195596041639E-05,4
566.863431715858,5.20727041918952E-05,4
569.349674837419,5.13347927065126E-05,4
571.83591795898,5.06058194475173E-05,4
574.32216108054,4.98857787144099E-05,4
576.808404202101,4.91746648066913E-05,4
579.294647323662,4.84724720238623E-05,4
581.780890445223,4.77791946654239E-05,4
584.267133566783,4.70948270308769E-05,4
586.753376688344,4.6419363419722E-05,4
589.239619809905,4.57527981314602E-05,4
591.725862931466,4.50951254655923E-05,4
594.212106053027,4.44463397216192E-05,4
596.698349174587,4.38064351990417E-05,4
599.184592296148,4.31754061973606E-05,4
601.670835417709,4.25532470160768E-05,4
604.15707853927,4.19399519546912E-05,4
606.643321660831,4.13355153127046E-05,4
609.129564782391,4.07399313896178E-05,4
611.615807903952,4.01531944849317E-05,4
614.102051025513,3.95752988981472E-05,4
616.588294147074,3.9006238928765E-05,4
619.074537268634,3.84460088762861E-05,4
621.560780390195,3.78946030402114E-05,4
624.047023511756,3.73520157200415E-05,4
626.533266633317,3.68182412152774E-05,4
629.019509754878,3.629327382542E-05,4
631.505752876438,3.577710784997E-05,4
633.991995997999,3.52697375884284E-05,4
636.47823911956,3.4771157340296E-05,4
638.964482241121,3.42813614050736E-05,4
641.450725362681,3.38003440822621E-05,4
643.936968484242,3.33280996713623E-05,4
646.423211605803,3.28646224718751E-05,4
648.909454727364,3.24099067833013E-05,4
651.395697848925,3.19639469051418E-05,4
653.881940970485,3.15267371368975E-05,4
656.368184092046,3.10982717780691E-05,4
658.854427213607,3.06785451281575E-05,4
661.340670335168,3.02675514866636E-05,4
663.826913456728,2.98652851530882E-05,4
666.313156578289,2.94717404269322E-05,4
668.79939969985,2.90869116076965E-05,4
671.285642821411,2.87107929948817E-05,4
673.771885942972,2.83433788879889E-05,4
676.258129064532,2.79846635865189E-05,4
678.744372186093,2.76346413899725E-05,4
681.230615307654,2.72933065978505E-05,4
683.716858429215,2.69606535096539E-05,4
686.203101550775,2.66366764248834E-05,4
688.689344672336,2.63213696430399E-05,4
691.175587793897,2.60147274636243E-05,4
693.661830915458,2.57167441861374E-05,4
696.148074037019,2.542741411008E-05,4
698.634317158579,2.5146731534953E-05,4
701.12056028014,2.48746907602573E-05,4
703.606803401701,2.46112860854937E-05,4
706.093046523262,2.43565118101631E-05,4
708.579289644822,2.41103622337662E-05,4
711.065532766383,2.3872831655804E-05,4
713.551775887944,2.36439143757773E-05,4
716.038019009505,2.34236046931869E-05,4
718.524262131066,2.32118969075338E-05,4
721.010505252626,2.30087853183186E-05,4
723.496748374187,2.28142642250424E-05,4
725.982991495748,2.26283279272059E-05,4
728.469234617309,2.245097072431E-05,4
730.95547773887,2.22821869158555E-05,4
733.44172086043,2.21219708013433E-05,4
735.927963981991,2.19703166802743E-05,4
738.414207103552,2.18272188521492E-05,4
740.900450225113,2.1692671616469E-05,4
743.386693346673,2.15666692727344E-05,4
745.872936468234,2.14492061204464E-05,4
748.359179589795,2.13402764591058E-05,4
750.845422711356,2.12398745882134E-05,4
753.331665832917,2.114799480727E-05,4
755.817908954477,2.10646314157766E-05,4
758.304152076038,2.0989778713234E-05,4
760.790395197599,2.0923430999143E-05,4
763.27663831916,2.08655825730044E-05,4
765.76288144072,2.08162277343192E-05,4
768.249124562281,2.07753607825882E-05,4
770.735367683842,2.07429760173121E-05,4
773.221610805403,2.0719067737992E-05,4
775.707853926964,2.07036302441285E-05,4
778.194097048524,2.06966578352226E-05,4
780.680340170085,2.14091197232697E-05,4
783.166583291646,2.50348276072406E-05,4
785.652826413207,3.16435926196817E-05,4
788.139069534767,4.11400148728848E-05,4
790.625312656328,5.34286944791418E-05,4
793.111555777889,6.84142315507431E-05,4
795.59779889945,8.60012261999816E-05,4
798.084042021011,0.000106094278539147,4
800.570285142571,0.000128597988680533,4
803.056528264132,0.000153416956736429,4
805.542771385693,0.000180455782819127,4
808.029014507254,0.00020961906704092,4
810.515257628814,0.000240811409514097,4
813.001500750375,0.000273937410350952,4
815.487743871936,0.000308901669663774,4
817.973986993497,0.000345608787564857,4
820.460230115058,0.00038396336416649,4
822.946473236618,0.000423869999580965,4
825.432716358179,0.000465233293920576,4
827.91895947974,0.000507957847297612,4
830.405202601301,0.000551948259824366,4
832.891445722862,0.000597109131613127,4
835.377688844422,0.000643345062776187,4
837.863931965983,0.000690560653425842,4
840.350175087544,0.000738660503674377,4
842.836418209105,0.000787549213634089,4
845.322661330665,0.000837131383417265,4
847.808904452226,0.0008873116131362,4
850.295147573787,0.000937994502903182,4
852.781390695348,0.000989084652830505,4
855.267633816909,0.00104048666303046,4
857.753876938469,0.00109210513361534,4
860.24012006003,0.00114384466469743,4
862.726363181591,0.00119560985638903,4
865.212606303152,0.00124730530880243,4
867.698849424712,0.00129883562204992,4
870.185092546273,0.00135010539624378,4
872.671335667834,0.00140101923149633,4
875.157578789395,0.00145148172791983,4
877.643821910956,0.00150139748562659,4
880.130065032516,0.00155067110472889,4
882.616308154077,0.00159920718533904,4
885.102551275638,0.00164691032756931,4
887.588794397199,0.001693685131532,4
890.07503751876,0.00173943619733941,4
892.56128064032,0.00178406812510382,4
895.047523761881,0.00182748551493753,4
897.533766883442,0.00186959296695282,4
900.020010005003,0.00191029508126199,4
902.506253126563,0.00194949645797734,4
904.992496248124,0.00198710169721114,4
907.478739369685,0.0020230153990757,4
909.964982491246,0.0020571421636833,4
912.451225612806,0.00208938659114623,4
914.937468734367,0.0021196532815768,4
917.423711855928,0.00214784683508728,4
919.909954977489,0.00217387185178998,4
922.39619809905,0.00219763293179717,4
924.88244122061,0.00221903467522116,4
927.368684342171,0.00223798168217423,4
929.854927463732,0.00225437855276868,4
932.341170585293,0.0022681298871168,4
934.827413706854,0.00227987806772259,4
937.313656828414,0.00229146519210739,4
939.799899949975,0.00230297027737536,4
942.286143071536,0.00231437737446601,4
944.772386193097,0.00232567053431884,4
947.258629314657,0.00233683380787332,4
949.744872436218,0.00234785124606896,4
952.231115557779,0.00235870689984525,4
954.71735867934,0.0023693848201417,4
957.203601800901,0.00237986905789778,4
959.689844922461,0.00239014366405299,4
962.176088044022,0.00240019268954684,4
964.662331165583,0.0024100001853188,4
967.148574287144,0.00241955020230839,4
969.634817408704,0.00242882679145509,4
972.121060530265,0.00243781400369839,4
974.607303651826,0.00244649588997779,4
977.093546773387,0.00245485650123279,4
979.579789894948,0.00246287988840288,4
982.066033016508,0.00247055010242755,4
984.552276138069,0.0024778511942463,4
987.03851925963,0.00248476721479862,4
989.524762381191,0.00249128221502401,4
992.011005502752,0.00249738024586196,4
994.497248624312,0.00250304535825196,4
996.983491745873,0.00250826160313351,4
999.469734867434,0.0025130130314461,4
1001.95597798899,0.00251728369412923,4
1004.44222111056,0.0025210576421224,4
1006.92846423212,0.00252431892636508,4
1009.41470735368,0.00252705159779679,4
1011.90095047524,0.00252923970735702,4
1014.3871935968,0.00253086730598525,4
1016.87343671836,0.00253191844462098,4
1019.35967983992,0.00253237717420372,4
1021.84592296148,0.00253219978973394,4
1024.33216608304,0.00253131456015504,4
1026.8184092046,0.00252972921744401,4
1029.30465232616,0.0025274551354512,4
1031.79089544772,0.00252450368802695,4
1034.27713856928,0.0025208862490216,4
1036.76338169085,0.00251661419228551,4
1039.24962481241,0.00251169889166901,4
1041.73586793397,0.00250615172102245,4
1044.22211105553,0.00249998405419617,4
1046.70835417709,0.00249320726504053,4
1049.19459729865,0.00248583272740585,4
1051.68084042021,0.0024778718151425,4
1054.16708354177,0.0024693359021008,4
1056.65332666333,0.00246023636213112,4
1059.13956978489,0.00245058456908378,4
1061.62581290645,0.00244039189680914,4
1064.11205602801,0.00242966971915754,4
1066.59829914957,0.00241842940997932,4
1069.08454227114,0.00240668234312483,4
1071.5707853927,0.00239443989244442,4
1074.05702851426,0.00238171343178842,4
1076.54327163582,0.00236851433500719,4
1079.02951475738,0.00235485397595106,4
1081.51575787894,0.00234074372847039,4
1084.0020010005,0.00232619496641551,4
1086.48824412206,0.00231121906363677,4
1088.97448724362,0.00229582739398452,4
1091.46073036518,0.0022800313313091,4
1093.94697348674,0.00226384224946085,4
1096.4332166083,0.00224727152229012,4
1098.91945972987,0.00223033052364725,4
1101.40570285143,0.00221303062738259,4
1103.89194597299,0.00219538320734648,4
1106.37818909455,0.00217739963738927,4
1108.86443221611,0.0021590912913613,4
1111.35067533767,0.00214046954311291,4
1113.83691845923,0.00212154576649446,4
1116.32316158079,0.00210233133535628,4
1118.80940470235,0.00208283762354872,4
1121.29564782391,0.00206307600492212,4
1123.78189094547,0.00204305785332683,4
1126.26813406703,0.0020227945426132,4
1128.75437718859,0.00200229744663155,4
1131.24062031016,0.00198157793923226,4
1133.72686343172,0.00196064739426564,4
1136.21310655328,0.00193951718558206,4
1138.69934967484,0.00191819868703185,4
1141.1855927964,0.00189670327246537,4
1143.67183591796,0.00187504231573295,4
1146.15807903952,0.00185322719068493,4
1148.64432216108,0.00183126927117167,4
1151.13056528264,0.00180917993104351,4
1153.6168084042,0.00178697054415078,4
1156.10305152576,0.00176465248434385,4
1158.58929464732,0.00174223712547305,4
1161.07553776888,0.00171973584138872,4
1163.56178089045,0.00169716000594121,4
1166.04802401201,0.00167452099298086,4
1168.53426713357,0.00165183017635803,4
1171.02051025513,0.00162909892992305,4
1173.50675337669,0.00160633862752626,4
1175.99299649825,0.00158356064301802,4
1178.47923961981,0.00156077635024867,4
1180.96548274137,0.00153799712306855,4
1183.45172586293,0.001515234335328,4
1185.93796898449,0.00149249936087738,4
1188.42421210605,0.00146980357356702,4
1190.91045522761,0.00144715834724726,4
1193.39669834917,0.00142457505576847,4
1195.88294147074,0.00140206507298097,4
1198.3691845923,0.00137963977273511,4
1200.85542771386,0.00135731052888125,4
1203.34167083542,0.00133508871526971,4
1205.82791395698,0.00131298570575085,4
1208.31415707854,0.00129101287417501,4
1210.8004002001,0.00126918159439254,4
1213.28664332166,0.00124750324025378,4
1215.77288644322,0.00122598918560907,4
1218.25912956478,0.00120465080430876,4
1220.74537268634,0.0011834994702032,4
1223.2316158079,0.00116254655714272,4
1225.71785892947,0.00114180343897768,4
1228.20410205103,0.00112128148955841,4
1230.69034517259,0.00110099208273527,4
1233.17658829415,0.00108094659235858,4
1235.66283141571,0.00106115639227872,4
1238.14907453727,0.001041632856346,4
1240.63531765883,0.00102238735841079,4
1243.12156078039,0.00100343127232342,4
1245.60780390195,0.000984775971934236,4
1248.09404702351,0.000966432831093587,4
1250.58029014507,0.000948413223651815,4
1253.06653326663,0.000930728523459268,4
1255.55277638819,0.000913390104366284,4
1258.03901950976,0.000896409340223213,4
1260.52526263132,0.000879797604880398,4
1263.01150575288,0.000863566272188182,4
1265.49774887444,0.00084772671599691,4
1267.983991996,0.000832290310156928,4
1270.47023511756,0.000817268428518581,4
1272.95647823912,0.00080267244493221,4
1275.44272136068,0.000788513733248161,4
1277.92896448224,0.000774803667316781,4
1280.4152076038,0.000761553620988412,4
1282.90145072536,0.000748774968113399,4
1285.38769384692,0.000736479082542086,4
1287.87393696848,0.000724677338124819,4
1290.36018009005,0.000713381108711941,4
1292.84642321161,0.000702601768153797,4
1295.33266633317,0.000692350690300733,4
1297.81890945473,0.00068263924900309,4
1300.30515257629,0.000673474512577055,4
1302.79139569785,0.000664518485666363,4
1305.27763881941,0.000655554245921547,4
1307.76388194097,0.000646583602468102,4
1310.25012506253,0.000637608364431529,4
1312.73636818409,0.000628630340937328,4
1315.22261130565,0.000619651341110994,4
1317.70885442721,0.000610673174078028,4
1320.19509754877,0.000601697648963929,4
1322.68134067034,0.000592726574894194,4
1325.1675837919,0.000583761760994322,4
1327.65382691346,0.000574805016389813,4
1330.14007003502,0.000565858150206166,4
1332.62631315658,0.000556922971568877,4
1335.11255627814,0.000548001289603446,4
1337.5987993997,0.000539094913435373,4
1340.08504252126,0.000530205652190155,4
1342.57128564282,0.000521335314993291,4
1345.05752876438,0.00051248571097028,4
1347.54377188594,0.000503658649246621,4
1350.0300150075,0.000494855938947812,4
1352.51625812906,0.000486079389199351,4
1355.00250125063,0.000477330809126739,4
1357.48874437219,0.000468612007855472,4
1359.97498749375,0.000459924794511049,4
1362.46123061531,0.000451270978218971,4
1364.94747373687,0.000442652368104735,4
1367.43371685843,0.000434070773293839,4
1369.91995997999,0.000425528002911783,4
1372.40620310155,0.000417025866084066,4
1374.89244622311,0.000408566171936184,4
1377.37868934467,0.000400150729593638,4
1379.86493246623,0.000391781348181927,4
1382.35117558779,0.000383459836826548,4
1384.83741870935,0.000375188004653,4
1387.32366183092,0.000366967660786783,4
1389.80990495248,0.000358800614353395,4
1392.29614807404,0.000350688674478333,4
1394.7823911956,0.000342633650287098,4
1397.26863431716,0.000334637350905188,4
1399.75487743872,0.000326701585458101,4
1402.24112056028,0.000318828163071336,4
1404.72736368184,0.000311018892870392,4
1407.2136068034,0.000303275583980767,4
1409.69984992496,0.00029560004552796,4
1412.18609304652,0.00028799408663747,4
1414.67233616808,0.000280459516434796,4
1417.15857928964,0.000272998144045435,4
1419.64482241121,0.000265611778594887,4
1422.13106553277,0.00025830222920865,4
1424.61730865433,0.000251071305012224,4
1427.10355177589,0.000243920815131106,4
1429.58979489745,0.000236852568690795,4
1432.07603801901,0.000229868374816791,4
1434.56228114057,0.000222970042634591,4
1437.04852426213,0.000216159381269694,4
1439.53476738369,0.000209438199847599,4
1442.02101050525,0.000202808307493806,4
1444.50725362681,0.000196271513333811,4
1446.99349674837,0.000189829626493114,4
1449.47973986994,0.000183484456097215,4
1451.9659829915,0.00017723781127161,4
1454.45222611306,0.000171091501141799,4
1456.93846923462,0.000165047334833281,4
1459.42471235618,0.000159107121471554,4
1461.91095547774,0.000153272670182117,4
1464.3971985993,0.000147545790090468,4
1466.88344172086,0.000141928290322108,4
1469.36968484242,0.000136421980002532,4
1471.85592796398,0.000131028668257241,4
1474.34217108554,0.000125750164211734,4
1476.8284142071,0.000120588276991509,4
1479.31465732866,0.000115544815722064,4
1481.80090045023,0.000110621589528898,4
1484.28714357179,0.00010582040753751,4
1486.77338669335,0.000101143078873399,4
1489.25962981491,9.6591412662063E-05,4
1491.74587293647,9.21672180290012E-05,4
1494.23211605803,8.78723040997114E-05,4
1496.71835917959,8.3708479999693E-05,4
1499.20460230115,7.96775548544443E-05,4
1501.69084542271,7.57813377894645E-05,4
1504.17708854427,7.20216379302516E-05,4
1506.66333166583,6.84002644023045E-05,4
1509.14957478739,6.49190263311223E-05,4
1511.63581790895,6.15797328422028E-05,4
1514.12206103052,5.83841930610453E-05,4
1516.60830415208,5.53342161131485E-05,4
1519.09454727364,5.24316111240105E-05,4
1521.5807903952,4.96781872191305E-05,4
1524.06703351676,4.70757535240068E-05,4
1526.55327663832,4.46261191641386E-05,4
1529.03951975988,4.23310932650239E-05,4
1531.52576288144,4.01924849521617E-05,4
1534.012006003,3.82121033510508E-05,4
1536.49824912456,3.63917575871894E-05,4
1538.98449224612,3.47332567860767E-05,4
1541.47073536768,3.32384100732108E-05,4
1543.95697848924,3.19090265740909E-05,4
1546.44322161081,3.07469154142155E-05,4
1548.92946473237,2.9753885719083E-05,4
1551.41570785393,2.89317466141924E-05,4
1553.90195097549,2.82823072250421E-05,4
1556.38819409705,2.78073766771309E-05,4
1558.87443721861,2.75087640959574E-05,4
1561.36068034017,2.73614923049173E-05,4
1563.84692346173,2.72329018103472E-05,4
1566.33316658329,2.71047247489432E-05,4
1568.81940970485,2.69769604899988E-05,4
1571.30565282641,2.68496084028073E-05,4
1573.79189594797,2.67226678566622E-05,4
1576.27813906953,2.65961382208568E-05,4
1578.7643821911,2.64700188646844E-05,4
1581.25062531266,2.63443091574385E-05,4
1583.73686843422,2.62190084684125E-05,4
1586.22311155578,2.60941161668997E-05,4
1588.70935467734,2.59696316221935E-05,4
1591.1955977989,2.58455542035874E-05,4
1593.68184092046,2.57218832803746E-05,4
1596.16808404202,2.55986182218486E-05,4
1598.65432716358,2.54757583973027E-05,4
1601.14057028514,2.53533031760304E-05,4
1603.6268134067,2.52312519273249E-05,4
1606.11305652826,2.51096040204798E-05,4
1608.59929964983,2.49883588247884E-05,4
1611.08554277139,2.4867515709544E-05,4
1613.57178589295,2.47470740440401E-05,4
1616.05802901451,2.462703319757E-05,4
1618.54427213607,2.45073925394272E-05,4
1621.03051525763,2.43881514389049E-05,4
1623.51675837919,2.42693092652966E-05,4
1626.00300150075,2.41508653878957E-05,4
1628.48924462231,2.40328191759955E-05,4
1630.97548774387,2.39151699988894E-05,4
1633.46173086543,2.37979172258709E-05,4
1635.94797398699,2.36810602262333E-05,4
1638.43421710855,2.35645983692699E-05,4
1640.92046023012,2.34485310242742E-05,4
1643.40670335168,2.33328575605396E-05,4
1645.89294647324,2.32175773473593E-05,4
1648.3791895948,2.31026897540269E-05,4
1650.86543271636,2.29881941498357E-05,4
1653.35167583792,2.28740899040791E-05,4
1655.83791895948,2.27603763860504E-05,4
1658.32416208104,2.2647052965043E-05,4
1660.8104052026,2.25341190103504E-05,4
1663.29664832416,2.24215738912659E-05,4
1665.78289144572,2.23094169770829E-05,4
1668.26913456728,2.21976476370948E-05,4
1670.75537768884,2.20862652405949E-05,4
1673.24162081041,2.19752691568766E-05,4
1675.72786393197,2.18646587552334E-05,4
1678.21410705353,2.17544334049586E-05,4
1680.70035017509,2.16445924753456E-05,4
1683.18659329665,2.15351353356878E-05,4
1685.67283641821,2.14260613552785E-05,4
1688.15907953977,2.13173699034111E-05,4
1690.64532266133,2.12090603493791E-05,4
1693.13156578289,2.11011320624758E-05,4
1695.61780890445,2.09935844119945E-05,4
1698.10405202601,2.08864167672288E-05,4
1700.59029514757,2.07796284974719E-05,4
1703.07653826913,2.06732189720172E-05,4
1705.5627813907,2.05671875601581E-05,4
1708.04902451226,2.04615336311881E-05,4
1710.53526763382,2.03562565544004E-05,4
1713.02151075538,2.02513556990885E-05,4
1715.50775387694,2.01468304345458E-05,4
1717.9939969985,2.00426801300656E-05,4
1720.48024012006,1.99389041549413E-05,4
1722.96648324162,1.98355018784663E-05,4
1725.45272636318,1.9732472669934E-05,4
1727.93896948474,1.96298158986378E-05,4
1730.4252126063,1.9527530933871E-05,4
1732.91145572786,1.9425617144927E-05,4
1735.39769884942,1.93240739010993E-05,4
1737.88394197099,1.92229005716812E-05,4
1740.37018509255,1.9122096525966E-05,4
1742.85642821411,1.90216611332472E-05,4
1745.34267133567,1.89215937628182E-05,4
1747.82891445723,1.88218937839723E-05,4
1750.31515757879,1.87225605660029E-05,4
1752.80140070035,1.86235934782034E-05,4
1755.28764382191,1.85249918898671E-05,4
1757.77388694347,1.84267551702876E-05,4
1760.26013006503,1.83288826887581E-05,4
1762.74637318659,1.8231373814572E-05,4
1765.23261630815,1.81342279170227E-05,4
1767.71885942972,1.80374443654036E-05,4
1770.20510255128,1.79410225290081E-05,4
1772.69134567284,1.78449617771296E-05,4
1775.1775887944,1.77492614790614E-05,4
1777.66383191596,1.76539210040969E-05,4
1780.15007503752,1.75589397215296E-05,4
1782.63631815908,1.74643170006527E-05,4
1785.12256128064,1.73700522107597E-05,4
1787.6088044022,1.7276144721144E-05,4
1790.09504752376,1.71825939010989E-05,4
1792.58129064532,1.70893991199179E-05,4
1795.06753376688,1.69965597468942E-05,4
1797.55377688844,1.69040751513214E-05,4
1800.04002001001,1.68119447024927E-05,4
1802.52626313157,1.67201677697015E-05,4
1805.01250625313,1.66287437222414E-05,4
1807.49874937469,1.65376719294055E-05,4
1809.98499249625,1.64469517604873E-05,4
1812.47123561781,1.63565825847803E-05,4
1814.95747873937,1.62665637715777E-05,4
1817.44372186093,1.61768946901729E-05,4
1819.92996498249,1.60875747098594E-05,4
1822.41620810405,1.59986031999305E-05,4
1824.90245122561,1.59099795296796E-05,4
1827.38869434717,1.58217030684002E-05,4
1829.87493746873,1.57337731853854E-05,4
1832.3611805903,1.56461892499289E-05,4
1834.84742371186,1.55589506313238E-05,4
1837.33366683342,1.54720566988637E-05,4
1839.81990995498,1.53855068218419E-05,4
1842.30615307654,1.52993003695518E-05,4
1844.7923961981,1.52134367112867E-05,4
1847.27863931966,1.51279152163401E-05,4
1849.76488244122,1.50427352540053E-05,4
1852.25112556278,1.49578961935758E-05,4
1854.73736868434,1.48733974043448E-05,4
1857.2236118059,1.47892382556058E-05,4
1859.70985492746,1.47054181166522E-05,4
1862.19609804902,1.46219363567774E-05,4
1864.68234117059,1.45387923452746E-05,4
1867.16858429215,1.44559854514374E-05,4
1869.65482741371,1.43735150445591E-05,4
1872.14107053527,1.42913804939331E-05,4
1874.62731365683,1.42095811688527E-05,4
1877.11355677839,1.41281164386114E-05,4
1879.59979989995,1.40469856725025E-05,4
1882.08604302151,1.39661882398194E-05,4
1884.57228614307,1.38857235098555E-05,4
1887.05852926463,1.38055908519042E-05,4
1889.54477238619,1.37257896352589E-05,4
1892.03101550775,1.36463192292129E-05,4
1894.51725862931,1.35671790030596E-05,4
1897.00350175088,1.34883683260925E-05,4
1899.48974487244,1.34098865676048E-05,4
1901.975987994,1.333173309689E-05,4
1904.46223111556,1.32539072832415E-05,4
1906.94847423712,1.31764084959526E-05,4
1909.43471735868,1.30992361043167E-05,4
1911.92096048024,1.30223894776273E-05,4
1914.4072036018,1.29458679851776E-05,4
1916.89344672336,1.28696709962611E-05,4
1919.37968984492,1.27937978801712E-05,4
1921.86593296648,1.27182480062012E-05,4
1924.35217608804,1.26430207436446E-05,4
1926.8384192096,1.25681154617946E-05,4
1929.32466233117,1.24935315299448E-05,4
1931.81090545273,1.24192683173884E-05,4
1934.29714857429,1.23453251934188E-05,4
1936.78339169585,1.22717015273296E-05,4
1939.26963481741,1.21983966884139E-05,4
1941.75587793897,1.21254100459652E-05,4
1944.24212106053,1.20527409692769E-05,4
1946.72836418209,1.19803888276424E-05,4
1949.21460730365,1.19083529903551E-05,4
1951.70085042521,1.18366328267083E-05,4
1954.18709354677,1.17652277059954E-05,4
1956.67333666833,1.16941369975098E-05,4
1959.1595797899,1.16233600705449E-05,4
1961.64582291146,1.1552896294394E-05,4
1964.13206603302,1.14827450383506E-05,4
1966.61830915458,1.14129056717081E-05,4
1969.10455227614,1.13433775637597E-05,4
1971.5907953977,1.1274160083799E-05,4
1974.07703851926,1.12052526011193E-05,4
1976.56328164082,1.11366544850139E-05,4
1979.04952476238,1.10683651047763E-05,4
1981.53576788394,1.10003838296998E-05,4
1984.0220110055,1.09327100290778E-05,4
1986.50825412706,1.08653430722037E-05,4
1988.99449724862,1.07982823283709E-05,4
1991.48074037019,1.07315271668728E-05,4
1993.96698349175,1.06650769570027E-05,4
1996.45322661331,1.0598931068054E-05,4
1998.93946973487,1.05330888693202E-05,4
2001.42571285643,1.04675497300945E-05,4
2003.91195597799,1.04023130196705E-05,4
2006.39819909955,1.03373781073414E-05,4
2008.88444222111,1.02727443624006E-05,4
2011.37068534267,1.02084111541416E-05,4
2013.85692846423,1.01443778518577E-05,4
2016.34317158579,1.00806438248422E-05,4
2018.82941470735,1.00172084423887E-05,4
2021.31565782891,9.95407107379042E-06,4
2023.80190095048,9.89123108834078E-06,4
2026.28814407204,9.82868785533317E-06,4
2028.7743871936,9.76644074406096E-06,4
2031.26063031516,9.70448912381756E-06,4
2033.74687343672,9.64283236389633E-06,4
2036.23311655828,9.58146983359066E-06,4
2038.71935967984,9.52040090219393E-06,4
2041.2056028014,9.45962493899952E-06,4
2043.69184592296,9.39914131330082E-06,4
2046.17808904452,9.33894939439122E-06,4
2048.66433216608,9.27904855156409E-06,4
2051.15057528764,9.21943815411282E-06,4
2053.63681840921,9.16011757133078E-06,4
2056.12306153077,9.10108617251137E-06,4
2058.60930465233,9.04234332694795E-06,4
2061.09554777389,8.98388840393394E-06,4
2063.58179089545,8.9257207727627E-06,4
2066.06803401701,8.86783980272761E-06,4
2068.55427713857,8.81024486312206E-06,4
2071.04052026013,8.75293532323943E-06,4
2073.52676338169,8.6959105523731E-06,4
2076.01300650325,8.63916991981646E-06,4
2078.49924962481,8.58271279486289E-06,4
2080.98549274637,8.52653854680577E-06,4
2083.47173586793,8.47064654493849E-06,4
2085.95797898949,8.41503615855443E-06,4
2088.44422211106,8.35970675694697E-06,4
2090.93046523262,8.3046577094095E-06,4
2093.41670835418,8.24988838523539E-06,4
2095.90295147574,8.19539815371803E-06,4
2098.3891945973,8.14118638415082E-06,4
2100.87543771886,8.0872524458271E-06,4
2103.36168084042,8.0335957080403E-06,4
2105.84792396198,7.98021554008378E-06,4
2108.33416708354,7.92711131125092E-06,4
2110.8204102051,7.87428239083512E-06,4
2113.30665332666,7.82172814812975E-06,4
2115.79289644822,7.76944795242818E-06,4
2118.27913956979,7.71744117302383E-06,4
2120.76538269135,7.66570717921005E-06,4
2123.25162581291,7.61424534028023E-06,4
2125.73786893447,7.56305502552776E-06,4
2128.22411205603,7.51213560424602E-06,4
2130.71035517759,7.46148644572839E-06,4
2133.19659829915,7.41110691926826E-06,4
2135.68284142071,7.36099639415901E-06,4
2138.16908454227,7.31115423969402E-06,4
2140.65532766383,7.26157982516668E-06,4
2143.14157078539,7.21227251987036E-06,4
2145.62781390695,7.16323169309845E-06,4
2148.11405702851,7.11445671414435E-06,4
2150.60030015008,7.0659469523014E-06,4
2153.08654327164,7.01770177686303E-06,4
2155.5727863932,6.96972055712261E-06,4
2158.05902951476,6.92200266237349E-06,4
2160.54527263632,6.8745474619091E-06,4
2163.03151575788,6.8273543250228E-06,4
2165.51775887944,6.78042262100797E-06,4
2168.004002001,6.733751719158E-06,4
2170.49024512256,6.68734098876627E-06,4
2172.97648824412,6.64118979912616E-06,4
2175.46273136568,6.59529751953106E-06,4
2177.94897448724,6.54966351927435E-06,4
2180.4352176088,6.50428716764942E-06,4
2182.92146073037,6.45916783394964E-06,4
2185.40770385193,6.4143048874684E-06,4
2187.89394697349,6.36969769749908E-06,4
2190.38019009505,6.32534563333507E-06,4
2192.86643321661,6.28124806426974E-06,4
2195.35267633817,6.23740435959648E-06,4
2197.83891945973,6.19381388860869E-06,4
2200.32516258129,6.15047602059972E-06,4
2202.81140570285,6.10739012486297E-06,4
2205.29764882441,6.06455557069184E-06,4
2207.78389194597,6.02197172737968E-06,4
2210.27013506753,5.97963796421989E-06,4
2212.75637818909,5.93755365050586E-06,4
2215.24262131066,5.89571815553096E-06,4
2217.72886443222,5.85413084858858E-06,4
2220.21510755378,5.81279109897209E-06,4
2222.70135067534,5.7716982759749E-06,4
2225.1875937969,5.73085174889037E-06,4
2227.67383691846,5.69025088701189E-06,4
2230.16008004002,5.64989505963285E-06,4
2232.64632316158,5.60978363604662E-06,4
2235.13256628314,5.56991598554659E-06,4
2237.6188094047,5.53029147742613E-06,4
2240.10505252626,5.49090948097866E-06,4
2242.59129564782,5.45176936549752E-06,4
2245.07753876939,5.41287050027611E-06,4
2247.56378189095,5.37421225460782E-06,4
2250.05002501251,5.33579399778603E-06,4
2252.53626813407,5.29761509910412E-06,4
2255.02251125563,5.25967492785546E-06,4
2257.50875437719,5.22197285333346E-06,4
2259.99499749875,5.18450824483149E-06,4
2262.48124062031,5.14728047164292E-06,4
2264.96748374187,5.11028890306115E-06,4
2267.45372686343,5.07353290837956E-06,4
2269.93996998499,5.03701185689153E-06,4
2272.42621310655,5.00072511789044E-06,4
2274.91245622811,4.96467206066969E-06,4
2277.39869934968,4.92885205452263E-06,4
2279.88494247124,4.89326446874268E-06,4
2282.3711855928,4.8579086726232E-06,4
2284.85742871436,4.82278403545757E-06,4
2287.34367183592,4.7878899265392E-06,4
2289.82991495748,4.75322571516145E-06,4
2292.31615807904,4.7187907706177E-06,4
2294.8024012006,4.68458446220134E-06,4
2297.28864432216,4.65060615920576E-06,4
2299.77488744372,4.61685523092433E-06,4
2302.26113056528,4.58333104665045E-06,4
2304.74737368684,4.55003297567749E-06,4
2307.2336168084,4.51696038729883E-06,4
2309.71985992997,4.48411265080787E-06,4
2312.20610305153,4.45148913549798E-06,4
2314.69234617309,4.41908921066254E-06,4
2317.17858929465,4.38691224559494E-06,4
2319.66483241621,4.35495760958856E-06,4
2322.15107553777,4.32322467193678E-06,4
2324.63731865933,4.29171280193299E-06,4
2327.12356178089,4.26042136887057E-06,4
2329.60980490245,4.22934974204291E-06,4
2332.09604802401,4.19849729074337E-06,4
2334.58229114557,4.16786338426537E-06,4
2337.06853426713,4.13744739190226E-06,4
2339.55477738869,4.10724868294743E-06,4
2342.04102051026,4.07726662669427E-06,4
2344.52726363182,4.04750059243617E-06,4
2347.01350675338,4.0179499494665E-06,4
2349.49974987494,3.98861406707865E-06,4
2351.9859929965,3.95949231456599E-06,4
2354.47223611806,3.93058406122192E-06,4
2356.95847923962,3.90188867633981E-06,4
2359.44472236118,3.87340552921306E-06,4
2361.93096548274,3.84513398913503E-06,4
2364.4172086043,3.81707342539912E-06,4
2366.90345172586,3.78922320729871E-06,4
2369.38969484742,3.76158270412718E-06,4
2371.87593796898,3.73415128517791E-06,4
2374.36218109055,3.70692831974429E-06,4
2376.84842421211,3.6799131771197E-06,4
2379.33466733367,3.65310522659753E-06,4
2381.82091045523,3.62650383747115E-06,4
2384.30715357679,3.60010837903394E-06,4
2386.79339669835,3.57391822057931E-06,4
2389.27963981991,3.54793273140061E-06,4
2391.76588294147,3.52215128079124E-06,4
2394.25212606303,3.49657323804459E-06,4
2396.73836918459,3.47119797245403E-06,4
2399.22461230615,3.44602485331295E-06,4
2401.71085542771,3.42105324991472E-06,4
2404.19709854928,3.39628253155274E-06,4
2406.68334167084,3.37171206752039E-06,4
2409.1695847924,3.34734122711104E-06,4
2411.65582791396,3.32316937961808E-06,4
2414.14207103552,3.2991958943349E-06,4
2416.62831415708,3.27542014055488E-06,4
2419.11455727864,3.2518414875714E-06,4
2421.6008004002,3.22845930467784E-06,4
2424.08704352176,3.20527296116759E-06,4
2426.57328664332,3.18228182633403E-06,4
2429.05952976488,3.15948526947055E-06,4
2431.54577288644,3.13688265987051E-06,4
2434.032016008,3.11447336682732E-06,4
2436.51825912956,3.09225675963435E-06,4
2439.00450225113,3.07023220758498E-06,4
2441.49074537269,3.04839907997261E-06,4
2443.97698849425,3.02675674609061E-06,4
2446.46323161581,3.00530457523235E-06,4
2448.94947473737,2.98404193669124E-06,4
2451.43571785893,2.96296819976064E-06,4
2453.92196098049,2.94208273373395E-06,4
2456.40820410205,2.92138490790454E-06,4
2458.89444722361,2.90087409156581E-06,4
2461.38069034517,2.88054965401112E-06,4
2463.86693346673,2.86041096453387E-06,4
2466.35317658829,2.84045739242744E-06,4
2468.83941970986,2.82068830698521E-06,4
2471.32566283142,2.80110307750056E-06,4
2473.81190595298,2.78170107326688E-06,4
2476.29814907454,2.76248166357755E-06,4
2478.7843921961,2.74344421772595E-06,4
2481.27063531766,2.72458810500547E-06,4
2483.75687843922,2.70591269470949E-06,4
2486.24312156078,2.68741735613139E-06,4
2488.72936468234,2.66910145856455E-06,4
2491.2156078039,2.65096437130236E-06,4
2493.70185092546,2.6330054636382E-06,4
2496.18809404702,2.61522410486546E-06,4
2498.67433716858,2.59761966427752E-06,4
2501.16058029015,2.58019151116775E-06,4
2503.64682341171,2.56293901482955E-06,4
2506.13306653327,2.54586154455629E-06,4
2508.61930965483,2.52895846964136E-06,4
2511.10555277639,2.51222915937815E-06,4
2513.59179589795,2.49567298306003E-06,4
2516.07803901951,2.47928930998038E-06,4
2518.56428214107,2.4630775094326E-06,4
2521.05052526263,2.44703695071006E-06,4
2523.53676838419,2.43116700310615E-06,4
2526.02301150575,2.41546703591425E-06,4
2528.50925462731,2.39993641842774E-06,4
2530.99549774887,2.38457451994001E-06,4
2533.48174087044,2.36938070974443E-06,4
2535.967983992,2.35435435713441E-06,4
2538.45422711356,2.33949483140329E-06,4
2540.94047023512,2.3248015018445E-06,4
2543.42671335668,2.3102737377514E-06,4
2545.91295647824,2.29591090841736E-06,4
2548.3991995998,2.28171238313578E-06,4
2550.88544272136,2.26767753120005E-06,4
2553.37168584292,2.25380572190354E-06,4
2555.85792896448,2.24009632453962E-06,4
2558.34417208604,2.22654870840171E-06,4
2560.8304152076,2.21316224278316E-06,4
2563.31665832916,2.19993629697738E-06,4
2565.80290145073,2.18687024027772E-06,4
2568.28914457229,2.17396344197759E-06,4
2570.77538769385,2.16121527137035E-06,4
2573.26163081541,2.14862509774941E-06,4
2575.74787393697,2.13619229040814E-06,4
2578.23411705853,2.12391621863992E-06,4
2580.72036018009,2.11179625173813E-06,4
2583.20660330165,2.09983175899617E-06,4
2585.69284642321,2.08802210970741E-06,4
2588.17908954477,2.07636667316523E-06,4
2590.66533266633,2.06486481866303E-06,4
2593.15157578789,2.05351591549416E-06,4
2595.63781890946,2.04231933295205E-06,4
2598.12406203102,2.03127444033004E-06,4
2600.61030515258,2.02038060692152E-06,4
2603.09654827414,2.0096372020199E-06,4
2605.5827913957,1.99904359491854E-06,4
2608.06903451726,1.98859915491083E-06,4
2610.55527763882,1.97830325129015E-06,4
2613.04152076038,1.96815525334989E-06,4
2615.52776388194,1.95815453038343E-06,4
2618.0140070035,1.94830045168414E-06,4
2620.50025012506,1.93859238654543E-06,4
2622.98649324662,1.92902970426066E-06,4
2625.47273636818,1.91961177412321E-06,4
2627.95897948975,1.91033796542648E-06,4
2630.44522261131,1.90120764746385E-06,4
2632.93146573287,1.89222018952869E-06,4
2635.41770885443,1.8833749609144E-06,4
2637.90395197599,1.87467133091435E-06,4
2640.39019509755,1.86610866882193E-06,4
2642.87643821911,1.85768634393052E-06,4
2645.36268134067,1.84940372553351E-06,4
2647.84892446223,1.84126018292427E-06,4
2650.33516758379,1.83325508539619E-06,4
2652.82141070535,1.82538780224265E-06,4
2655.30765382691,1.81765770275704E-06,4
2657.79389694847,1.81006415623274E-06,4
2660.28014007004,1.80260653196313E-06,4
2662.7663831916,1.7952841992416E-06,4
2665.25262631316,1.78809652736152E-06,4
2667.73886943472,1.78104288561628E-06,4
2670.22511255628,1.77412264329927E-06,4
2672.71135567784,1.76733516970387E-06,4
2675.1975987994,1.76067983412346E-06,4
2677.68384192096,1.75415600585142E-06,4
2680.17008504252,1.74776305418113E-06,4
2682.65632816408,1.74150034840599E-06,4
2685.14257128564,1.73536725781936E-06,4
2687.6288144072,1.72936315171464E-06,4
2690.11505752876,1.72348739938521E-06,4
2692.60130065033,1.71773937012446E-06,4
2695.08754377189,1.71211843322574E-06,4
2697.57378689345,1.70662395798248E-06,4
2700.06003001501,1.70125531368803E-06,4
2702.54627313657,1.69601186963577E-06,4
2705.03251625813,1.69089299511912E-06,4
2707.51875937969,1.68589805943143E-06,4
2710.00500250125,1.68102643186609E-06,4
2712.49124562281,1.67627748171648E-06,4
2714.97748874437,1.671650578276E-06,4
2717.46373186593,1.66714509083801E-06,4
2719.94997498749,1.66276038869591E-06,4
2722.43621810905,1.65849584114307E-06,4
2724.92246123062,1.65435081747288E-06,4
2727.40870435218,1.65032468697873E-06,4
2729.89494747374,1.646416818954E-06,4
2732.3811905953,1.64262658269206E-06,4
2734.86743371686,1.6389533474863E-06,4
2737.35367683842,1.63539648263011E-06,4
2739.83991995998,1.63195535741688E-06,4
2742.32616308154,1.62862934113996E-06,4
2744.8124062031,1.62541780309277E-06,4
2747.29864932466,1.62232011256865E-06,4
2749.78489244622,1.61933563886104E-06,4
2752.27113556778,1.61646375126328E-06,4
2754.75737868935,1.61370381906878E-06,4
2757.24362181091,1.61105521157088E-06,4
2759.72986493247,1.60851729806302E-06,4
2762.21610805403,1.60608944783853E-06,4
2764.70235117559,1.60377103019084E-06,4
2767.18859429715,1.60156141441329E-06,4
2769.67483741871,1.59945996979931E-06,4
2772.16108054027,1.59746606564224E-06,4
2774.64732366183,1.59557907123548E-06,4
2777.13356678339,1.59379835587242E-06,4
2779.61980990495,1.59212328884644E-06,4
2782.10605302651,1.5905532394509E-06,4
2784.59229614807,1.58908757697922E-06,4
2787.07853926964,1.58772567072475E-06,4
2789.5647823912,1.5864668899809E-06,4
2792.05102551276,1.58531060404103E-06,4
2794.53726863432,1.58425618219855E-06,4
2797.02351175588,1.58330299374682E-06,4
2799.50975487744,1.58245040797922E-06,4
2801.995997999,1.58169779418916E-06,4
2804.48224112056,1.58104452166999E-06,4
2806.96848424212,1.58048995971511E-06,4
2809.45472736368,1.58003347761791E-06,4
2811.94097048524,1.57967444467177E-06,4
2814.4272136068,1.57941223017005E-06,4
2816.91345672836,1.57924620340617E-06,4
2819.39969984993,1.57917573367348E-06,4
2821.88594297149,1.57918899275011E-06,4
2824.37218609305,1.57925896425408E-06,4
2826.85842921461,1.5793842732373E-06,4
2829.34467233617,1.57956468307272E-06,4
2831.83091545773,1.57979995713325E-06,4
2834.31715857929,1.58008985879185E-06,4
2836.80340170085,1.58043415142143E-06,4
2839.28964482241,1.58083259839493E-06,4
2841.77588794397,1.5812849630853E-06,4
2844.26213106553,1.58179100886545E-06,4
2846.74837418709,1.58235049910833E-06,4
2849.23461730865,1.58296319718686E-06,4
2851.72086043022,1.58362886647399E-06,4
2854.20710355178,1.58434727034264E-06,4
2856.69334667334,1.58511817216575E-06,4
2859.1795897949,1.58594133531625E-06,4
2861.66583291646,1.58681652316707E-06,4
2864.15207603802,1.58774349909116E-06,4
2866.63831915958,1.58872202646143E-06,4
2869.12456228114,1.58975186865084E-06,4
2871.6108054027,1.5908327890323E-06,4
2874.09704852426,1.59196455097875E-06,4
2876.58329164582,1.59314691786313E-06,4
2879.06953476738,1.59437965305837E-06,4
2881.55577788894,1.5956625199374E-06,4
2884.04202101051,1.59699528187316E-06,4
2886.52826413207,1.59837770223858E-06,4
2889.01450725363,1.5998095444066E-06,4
2891.50075037519,1.60129057175014E-06,4
2893.98699349675,1.60282054764214E-06,4
2896.47323661831,1.60439923545553E-06,4
2898.95947973987,1.60602639856326E-06,4
2901.44572286143,1.60770180033824E-06,4
2903.93196598299,1.60942520415342E-06,4
2906.41820910455,1.61119637338173E-06,4
2908.90445222611,1.6130150713961E-06,4
2911.39069534767,1.61488106156947E-06,4
2913.87693846923,1.61679410727476E-06,4
2916.3631815908,1.61875397188492E-06,4
2918.84942471236,1.62076041877287E-06,4
2921.33566783392,1.62281321131155E-06,4
2923.82191095548,1.6249121128739E-06,4
2926.30815407704,1.62705688683284E-06,4
2928.7943971986,1.62924729656131E-06,4
2931.28064032016,1.63148310543225E-06,4
2933.76688344172,1.63376407681858E-06,4
2936.25312656328,1.63608997409324E-06,4
2938.73936968484,1.63846056062917E-06,4
2941.2256128064,1.64087559979929E-06,4
2943.71185592796,1.64333485497655E-06,4
2946.19809904953,1.64583808953387E-06,4
2948.68434217109,1.64838506684418E-06,4
2951.17058529265,1.65097555028043E-06,4
2953.65682841421,1.65360930321555E-06,4
2956.14307153577,1.65628608902246E-06,4
2958.62931465733,1.6590056710741E-06,4
2961.11555777889,1.66176781274341E-06,4
2963.60180090045,1.66457227740332E-06,4
2966.08804402201,1.66741882842677E-06,4
2968.57428714357,1.67030722918667E-06,4
2971.06053026513,1.67323724305598E-06,4
2973.54677338669,1.67620863340762E-06,4
2976.03301650825,1.67922116361453E-06,4
2978.51925962982,1.68227459704964E-06,4
2981.00550275138,1.68536869708588E-06,4
2983.49174587294,1.68850322709619E-06,4
2985.9779889945,1.6916779504535E-06,4
2988.46423211606,1.69489263053074E-06,4
2990.95047523762,1.69814703070086E-06,4
2993.43671835918,1.70144091433677E-06,4
2995.92296148074,1.70477404481142E-06,4
2998.4092046023,1.70814618549773E-06,4
3000.89544772386,1.71155709976865E-06,4
3003.38169084542,1.7150065509971E-06,4
3005.86793396698,1.71849430255603E-06,4
3008.35417708854,1.72202011781835E-06,4
3010.84042021011,1.72558376015701E-06,4
3013.32666333167,1.72918499294494E-06,4
3015.81290645323,1.73282357955507E-06,4
3018.29914957479,1.73649928336034E-06,4
3020.78539269635,1.74021186773368E-06,4
3023.27163581791,1.74396109604802E-06,4
3025.75787893947,1.7477467316763E-06,4
3028.24412206103,1.75156853799145E-06,4
3030.73036518259,1.75542627836641E-06,4
3033.21660830415,1.7593197161741E-06,4
3035.70285142571,1.76324861478746E-06,4
3038.18909454727,1.76721273757943E-06,4
3040.67533766884,1.77121184792293E-06,4
3043.1615807904,1.77524570919091E-06,4
3045.64782391196,1.77931408475629E-06,4
3048.13406703352,1.78341673799201E-06,4
3050.62031015508,1.787553432271E-06,4
3053.10655327664,1.7917239309662E-06,4
3055.5927963982,1.79592799745054E-06,4
3058.07903951976,1.80016539509694E-06,4
3060.56528264132,1.80443588727836E-06,4
3063.05152576288,1.80873923736771E-06,4
3065.53776888444,1.81307520873794E-06,4
3068.024012006,1.81744356476198E-06,4
3070.51025512756,1.82184406881275E-06,4
3072.99649824912,1.8262764842632E-06,4
3075.48274137069,1.83074057448626E-06,4
3077.96898449225,1.83523610285485E-06,4
3080.45522761381,1.83976283274192E-06,4
3082.94147073537,1.8443205275204E-06,4
3085.42771385693,1.84890895056322E-06,4
3087.91395697849,1.85352786524331E-06,4
3090.40020010005,1.85817703493362E-06,4
3092.88644322161,1.86285622300706E-06,4
3095.37268634317,1.86756519283658E-06,4
3097.85892946473,1.87230370779511E-06,4
3100.34517258629,1.87707153125558E-06,4
3102.83141570785,1.88186842659092E-06,4
3105.31765882942,1.88669415717408E-06,4
3107.80390195098,1.89154848637798E-06,4
3110.29014507254,1.89643117757555E-06,4
3112.7763881941,1.90134199413974E-06,4
3115.26263131566,1.90628069944347E-06,4
3117.74887443722,1.91124705685967E-06,4
3120.23511755878,1.91624082976129E-06,4
3122.72136068034,1.92126178152125E-06,4
3125.2076038019,1.92630967551248E-06,4
3127.69384692346,1.93138427510793E-06,4
3130.18009004502,1.93648534368052E-06,4
3132.66633316658,1.94161264460319E-06,4
3135.15257628814,1.94676594124888E-06,4
3137.63881940971,1.9519449969905E-06,4
3140.12506253127,1.95714957520101E-06,4
3142.61130565283,1.96237943925333E-06,4
3145.09754877439,1.96763435252039E-06,4
3147.58379189595,1.97291407837513E-06,4
3150.07003501751,1.97821838019048E-06,4
3152.55627813907,1.98354702133938E-06,4
3155.04252126063,1.98889976519476E-06,4
3157.52876438219,1.99427637512956E-06,4
3160.01500750375,1.9996766145167E-06,4
3162.50125062531,2.00510024672912E-06,4
3164.98749374687,2.01054703513975E-06,4
3167.47373686843,2.01601674312153E-06,4
3169.95997999,2.02150913404739E-06,4
3172.44622311156,2.02702397129027E-06,4
3174.93246623312,2.03256101822309E-06,4
3177.41870935468,2.03812003821879E-06,4
3179.90495247624,2.04370079465031E-06,4
3182.3911955978,2.04930305089058E-06,4
3184.87743871936,2.05492657031253E-06,4
3187.36368184092,2.06057111628909E-06,4
3189.84992496248,2.0662364521932E-06,4
3192.33616808404,2.0719223413978E-06,4
3194.8224112056,2.07762854727581E-06,4
3197.30865432716,2.08335483320017E-06,4
3199.79489744872,2.08910096254381E-06,4
3202.28114057029,2.09486669867967E-06,4
3204.76738369185,2.10065180498068E-06,4
3207.25362681341,2.10645604481977E-06,4
3209.73986993497,2.11227918156988E-06,4
3212.22611305653,2.11812097860394E-06,4
3214.71235617809,2.12398119929488E-06,4
3217.19859929965,2.12985960701565E-06,4
3219.68484242121,2.13575596513916E-06,4
3222.17108554277,2.14167003703835E-06,4
3224.65732866433,2.14760158608617E-06,4
3227.14357178589,2.15355037565553E-06,4
3229.62981490745,2.15951616911938E-06,4
3232.11605802901,2.16549872985065E-06,4
3234.60230115058,2.17149782122227E-06,4
3237.08854427214,2.17751320660718E-06,4
3239.5747873937,2.1835446493783E-06,4
3242.06103051526,2.18959191290858E-06,4
3244.54727363682,2.19565476057095E-06,4
3247.03351675838,2.20173295573833E-06,4
3249.51975987994,2.20782626178366E-06,4
3252.0060030015,2.21393444207989E-06,4
3254.49224612306,2.22005725999993E-06,4
3256.97848924462,2.22619447891673E-06,4
3259.46473236618,2.23234586220321E-06,4
3261.95097548774,2.23851117323232E-06,4
3264.4372186093,2.24469017537697E-06,4
3266.92346173087,2.25088263201012E-06,4
3269.40970485243,2.25708830650469E-06,4
3271.89594797399,2.26330696223361E-06,4
3274.38219109555,2.26953836256982E-06,4
3276.86843421711,2.27578227088625E-06,4
3279.35467733867,2.28203845055584E-06,4
3281.84092046023,2.28830666495151E-06,4
3284.32716358179,2.29458667744621E-06,4
3286.81340670335,2.30087825141286E-06,4
3289.29964982491,2.30718115022441E-06,4
3291.78589294647,2.31349513725377E-06,4
3294.27213606803,2.31981997587389E-06,4
3296.7583791896,2.3261554294577E-06,4
3299.24462231116,2.33250126137814E-06,4
3301.73086543272,2.33885723500813E-06,4
3304.21710855428,2.34522311372061E-06,4
3306.70335167584,2.35159866088852E-06,4
3309.1895947974,2.35798363988478E-06,4
3311.67583791896,2.36437781408233E-06,4
3314.16208104052,2.37078094685411E-06,4
3316.64832416208,2.37719280157305E-06,4
3319.13456728364,2.38361314161208E-06,4
3321.6208104052,2.39004173034413E-06,4
3324.10705352676,2.39647833114214E-06,4
3326.59329664832,2.40292270737904E-06,4
3329.07953976989,2.40937462242777E-06,4
3331.56578289145,2.41583383966126E-06,4
3334.05202601301,2.42230012245244E-06,4
3336.53826913457,2.42877323417424E-06,4
3339.02451225613,2.43525293819961E-06,4
3341.51075537769,2.44173899790147E-06,4
3343.99699849925,2.44823117665275E-06,4
3346.48324162081,2.4547292378264E-06,4
3348.96948474237,2.46123294479533E-06,4
3351.45572786393,2.46775722065863E-06,4
3353.94197098549,2.47436758381413E-06,4
3356.42821410705,2.48107156112616E-06,4
3358.91445722861,2.48786908740833E-06,4
3361.40070035018,2.49476009747426E-06,4
3363.88694347174,2.50174452613755E-06,4
3366.3731865933,2.50882230821182E-06,4
3368.85942971486,2.51599337851068E-06,4
3371.34567283642,2.52325767184773E-06,4
3373.83191595798,2.53061512303659E-06,4
3376.31815907954,2.53806566689087E-06,4
3378.8044022011,2.54560923822418E-06,4
3381.29064532266,2.55324577185013E-06,4
3383.77688844422,2.56097520258233E-06,4
3386.26313156578,2.56879746523439E-06,4
3388.74937468734,2.57671249461992E-06,4
3391.23561780891,2.58472022555253E-06,4
3393.72186093047,2.59282059284584E-06,4
3396.20810405203,2.60101353131345E-06,4
3398.69434717359,2.60929897576897E-06,4
3401.18059029515,2.61767686102602E-06,4
3403.66683341671,2.6261471218982E-06,4
3406.15307653827,2.63470969319913E-06,4
3408.63931965983,2.64336450974241E-06,4
3411.12556278139,2.65211150634166E-06,4
3413.61180590295,2.66095061781049E-06,4
3416.09804902451,2.6698817789625E-06,4
3418.58429214607,2.67890492461131E-06,4
3421.07053526763,2.68801998957054E-06,4
3423.55677838919,2.69722690865378E-06,4
3426.04302151076,2.70652561667465E-06,4
3428.52926463232,2.71591604844677E-06,4
3431.01550775388,2.72539813878373E-06,4
3433.50175087544,2.73497182249916E-06,4
3435.987993997,2.74463703440666E-06,4
3438.47423711856,2.75439370931984E-06,4
3440.96048024012,2.76424178205232E-06,4
3443.44672336168,2.7741811874177E-06,4
3445.93296648324,2.7842118602296E-06,4
3448.4192096048,2.79433373530162E-06,4
3450.90545272636,2.80454674744738E-06,4
3453.39169584792,2.81485083148048E-06,4
3455.87793896949,2.82524592221454E-06,4
3458.36418209105,2.83573195446317E-06,4
3460.85042521261,2.84630886303998E-06,4
3463.33666833417,2.85697658275858E-06,4
3465.82291145573,2.86773504843258E-06,4
3468.30915457729,2.87858419487558E-06,4
3470.79539769885,2.88952395690121E-06,4
3473.28164082041,2.90055426932307E-06,4
3475.76788394197,2.91167506695478E-06,4
3478.25412706353,2.92288628460993E-06,4
3480.74037018509,2.93418785710215E-06,4
3483.22661330665,2.94557971924504E-06,4
3485.71285642821,2.95706180585222E-06,4
3488.19909954978,2.96863405173729E-06,4
3490.68534267134,2.98029639171386E-06,4
3493.1715857929,2.99204876059556E-06,4
3495.65782891446,3.00389109319598E-06,4
3498.14407203602,3.01582332432873E-06,4
3500.63031515758,3.02784538880744E-06,4
3503.11655827914,3.0399572214457E-06,4
3505.6028014007,3.05215875705714E-06,4
3508.08904452226,3.06444993045535E-06,4
3510.57528764382,3.07683067645395E-06,4
3513.06153076538,3.08930092986656E-06,4
3515.54777388694,3.10186062550677E-06,4
3518.0340170085,3.11450969818821E-06,4
3520.52026013007,3.12724808272448E-06,4
3523.00650325163,3.14007571392919E-06,4
3525.49274637319,3.15299252661596E-06,4
3527.97898949475,3.16599845559839E-06,4
3530.46523261631,3.1790934356901E-06,4
3532.95147573787,3.19227740170469E-06,4
3535.43771885943,3.20555028845578E-06,4
3537.92396198099,3.21891203075698E-06,4
3540.41020510255,3.23236256342189E-06,4
3542.89644822411,3.24590182126413E-06,4
3545.38269134567,3.25952973909731E-06,4
3547.86893446723,3.27324625173504E-06,4
3550.35517758879,3.28705129399093E-06,4
3552.84142071036,3.30094480067859E-06,4
3555.32766383192,3.31492670661163E-06,4
3557.81390695348,3.32899694660366E-06,4
3560.30015007504,3.3431554554683E-06,4
3562.7863931966,3.35740216801914E-06,4
3565.27263631816,3.37173701906981E-06,4
3567.75887943972,3.38615994343392E-06,4
3570.24512256128,3.40067087592507E-06,4
3572.73136568284,3.41526975135687E-06,4
3575.2176088044,3.42995650454294E-06,4
3577.70385192596,3.44473107029689E-06,4
3580.19009504752,3.45959338343232E-06,4
3582.67633816909,3.47454337876285E-06,4
3585.16258129065,3.48958099110209E-06,4
3587.64882441221,3.50470615526364E-06,4
3590.13506753377,3.51991880606113E-06,4
3592.62131065533,3.53521887830815E-06,4
3595.10755377689,3.55060630681833E-06,4
3597.59379689845,3.56608102640527E-06,4
3600.08004002001,3.58164297188258E-06,4
3602.56628314157,3.59729207806387E-06,4
3605.05252626313,3.61302827976275E-06,4
3607.53876938469,3.62885151179284E-06,4
3610.02501250625,3.64476170896774E-06,4
3612.51125562781,3.66075880610107E-06,4
3614.99749874937,3.67684273800643E-06,4
3617.48374187094,3.69301343949744E-06,4
3619.9699849925,3.7092708453877E-06,4
3622.45622811406,3.72561489049083E-06,4
3624.94247123562,3.74204550962044E-06,4
3627.42871435718,3.75856263759013E-06,4
3629.91495747874,3.77516620921353E-06,4
3632.4012006003,3.79185615930423E-06,4
3634.88744372186,3.80863242267585E-06,4
3637.37368684342,3.82549493414201E-06,4
3639.85992996498,3.8424436285163E-06,4
3642.34617308654,3.85947844061235E-06,4
3644.8324162081,3.87659930524376E-06,4
3647.31865932967,3.89380615722414E-06,4
3649.80490245123,3.91109893136711E-06,4
3652.29114557279,3.92847756248627E-06,4
3654.77738869435,3.94594198539523E-06,4
3657.26363181591,3.96349213490761E-06,4
3659.74987493747,3.98112794583701E-06,4
3662.23611805903,3.99884935299705E-06,4
3664.72236118059,4.01665629120135E-06,4
3667.20860430215,4.03454869526349E-06,4
3669.69484742371,4.0525264999971E-06,4
3672.18109054527,4.0705896402158E-06,4
3674.66733366683,4.08873805073318E-06,4
3677.15357678839,4.10697166636286E-06,4
3679.63981990996,4.12529042191845E-06,4
3682.12606303152,4.14369425221357E-06,4
3684.61230615308,4.16218309206181E-06,4
3687.09854927464,4.1807568762768E-06,4
3689.5847923962,4.19941553967214E-06,4
3692.07103551776,4.21815901706144E-06,4
3694.55727863932,4.23698724325832E-06,4
3697.04352176088,4.25590015307638E-06,4
3699.52976488244,4.27489768132924E-06,4
3702.016008004,4.29397976283051E-06,4
3704.50225112556,4.31314633239379E-06,4
3706.98849424712,4.3323973248327E-06,4
3709.47473736868,4.35173267496084E-06,4
3711.96098049025,4.37115231759183E-06,4
3714.44722361181,4.39065618753929E-06,4
3716.93346673337,4.4102442196168E-06,4
3719.41970985493,4.42991634863801E-06,4
3721.90595297649,4.4496725094165E-06,4
3724.39219609805,4.46951263676589E-06,4
3726.87843921961,4.48943666549979E-06,4
3729.36468234117,4.50944453043182E-06,4
3731.85092546273,4.52953616637558E-06,4
3734.33716858429,4.54971150814468E-06,4
3736.82341170585,4.56997049055274E-06,4
3739.30965482741,4.59031304841337E-06,4
3741.79589794898,4.61073911654016E-06,4
3744.28214107054,4.63124862974675E-06,4
3746.7683841921,4.65184152284673E-06,4
3749.25462731366,4.67251773065371E-06,4
3751.74087043522,4.69327718798132E-06,4
3754.22711355678,4.71411982964315E-06,4
3756.71335667834,4.73504559045282E-06,4
3759.1995997999,4.75605440522394E-06,4
3761.68584292146,4.77714620877012E-06,4
3764.17208604302,4.79832093590498E-06,4
3766.65832916458,4.81957852144211E-06,4
3769.14457228614,4.84091890019513E-06,4
3771.6308154077,4.86234200697766E-06,4
3774.11705852927,4.8838477766033E-06,4
3776.60330165083,4.90543614388566E-06,4
3779.08954477239,4.92710704363836E-06,4
3781.57578789395,4.948860410675E-06,4
3784.06203101551,4.9706961798092E-06,4
3786.54827413707,4.99261428585457E-06,4
3789.03451725863,5.01461466362471E-06,4
3791.52076038019,5.03669724793324E-06,4
3794.00700350175,5.05886197359376E-06,4
3796.49324662331,5.08110877541989E-06,4
3798.97948974487,5.10343758822525E-06,4
3801.46573286643,5.12584834682343E-06,4
3803.95197598799,5.14834098602805E-06,4
3806.43821910956,5.17091544065272E-06,4
3808.92446223112,5.19357164551105E-06,4
3811.41070535268,5.21630953541666E-06,4
3813.89694847424,5.23912904518315E-06,4
3816.3831915958,5.26203010962413E-06,4
3818.86943471736,5.28501266355321E-06,4
3821.35567783892,5.30807664178401E-06,4
3823.84192096048,5.33122197913013E-06,4
3826.32816408204,5.3544486104052E-06,4
3828.8144072036,5.3777564704228E-06,4
3831.30065032516,5.40114549399656E-06,4
3833.78689344672,5.42461561594009E-06,4
3836.27313656828,5.448166771067E-06,4
3838.75937968985,5.47179889419089E-06,4
3841.24562281141,5.49551192012538E-06,4
3843.73186593297,5.51930578368409E-06,4
3846.21810905453,5.54318041968061E-06,4
3848.70435217609,5.56713576292856E-06,4
3851.19059529765,5.59117174824156E-06,4
3853.67683841921,5.6152883104332E-06,4
3856.16308154077,5.63948538431711E-06,4
3858.64932466233,5.6637629047069E-06,4
3861.13556778389,5.68812080641617E-06,4
3863.62181090545,5.71255902425852E-06,4
3866.10805402701,5.73707749304759E-06,4
3868.59429714857,5.76167614759697E-06,4
3871.08054027014,5.78635492272028E-06,4
3873.5667833917,5.81111375323112E-06,4
3876.05302651326,5.83595257394311E-06,4
3878.53926963482,5.86087131966986E-06,4
3881.02551275638,5.88586992522497E-06,4
3883.51175587794,5.91094832542207E-06,4
3885.9979989995,5.93610645507475E-06,4
3888.48424212106,5.96134424899664E-06,4
3890.97048524262,5.98666164200134E-06,4
3893.45672836418,6.01205856890245E-06,4
3895.94297148574,6.0375349645136E-06,4
3898.4292146073,6.06309076364839E-06,4
3900.91545772886,6.08872590112044E-06,4
3903.40170085043,6.11444031174335E-06,4
3905.88794397199,6.14023393033073E-06,4
3908.37418709355,6.1661066916962E-06,4
3910.86043021511,6.19205853065336E-06,4
3913.34667333667,6.21808938201583E-06,4
3915.83291645823,6.24419918059721E-06,4
3918.31915957979,6.27038786121113E-06,4
3920.80540270135,6.29665535867118E-06,4
3923.29164582291,6.32300160779098E-06,4
3925.77788894447,6.34942654338414E-06,4
3928.26413206603,6.37593010026427E-06,4
3930.75037518759,6.40251221324497E-06,4
3933.23661830916,6.42917281713987E-06,4
3935.72286143072,6.45591184676257E-06,4
3938.20910455228,6.48272923692669E-06,4
3940.69534767384,6.50962492244582E-06,4
3943.1815907954,6.53659883813359E-06,4
3945.66783391696,6.5636509188036E-06,4
3948.15407703852,6.59078109926947E-06,4
3950.64032016008,6.61798931434479E-06,4
3953.12656328164,6.64527549884321E-06,4
3955.6128064032,6.6726395875783E-06,4
3958.09904952476,6.70008151536368E-06,4
3960.58529264632,6.72760121701298E-06,4
3963.07153576788,6.7551986273398E-06,4
3965.55777888944,6.78287368115774E-06,4
3968.04402201101,6.81062631328042E-06,4
3970.53026513257,6.83845645852145E-06,4
3973.01650825413,6.86636405169444E-06,4
3975.50275137569,6.89434902761301E-06,4
3977.98899449725,6.92241132109075E-06,4
3980.47523761881,6.95055086694129E-06,4
3982.96148074037,6.97876759997823E-06,4
3985.44772386193,7.00706145501518E-06,4
3987.93396698349,7.03543236686575E-06,4
3990.42021010505,7.06388027034356E-06,4
3992.90645322661,7.09240510026222E-06,4
3995.39269634817,7.12100679143533E-06,4
3997.87893946974,7.1496852786765E-06,4
4000.3651825913,7.17844049679936E-06,4
4002.85142571286,7.2072723806175E-06,4
4005.33766883442,7.23618086494454E-06,4
4007.82391195598,7.26516588459408E-06,4
4010.31015507754,7.29422737437975E-06,4
4012.7963981991,7.32336526911514E-06,4
4015.28264132066,7.35257950361388E-06,4
4017.76888444222,7.38187001268957E-06,4
4020.25512756378,7.41123673115582E-06,4
4022.74137068534,7.44067959382624E-06,4
4025.2276138069,7.47019853551444E-06,4
4027.71385692846,7.49979349103403E-06,4
4030.20010005003,7.52946439519864E-06,4
4032.68634317159,7.55921118282185E-06,4
4035.17258629315,7.58903378871729E-06,4
4037.65882941471,7.61893214769857E-06,4
4040.14507253627,7.64890619457929E-06,4
4042.63131565783,7.67895586417306E-06,4
4045.11755877939,7.70908109129351E-06,4
4047.60380190095,7.73928181075423E-06,4
4050.09004502251,7.76955795736884E-06,4
4052.57628814407,7.79990946595096E-06,4
4055.06253126563,7.83033627131418E-06,4
4057.54877438719,7.86083830827212E-06,4
4060.03501750875,7.89141551163839E-06,4
4062.52126063032,7.9220678162266E-06,4
4065.00750375188,7.95279515685037E-06,4
4067.49374687344,7.9835974683233E-06,4
4069.979989995,8.014474685459E-06,4
4072.46623311656,8.04542674307109E-06,4
4074.95247623812,8.07645357597316E-06,4
4077.43871935968,8.10755511897885E-06,4
4079.92496248124,8.13873130690175E-06,4
4082.4112056028,8.16998207455548E-06,4
4084.89744872436,8.20130735675364E-06,4
4087.38369184592,8.23270708830985E-06,4
4089.86993496748,8.26418120403772E-06,4
4092.35617808904,8.29572963875086E-06,4
4094.84242121061,8.32735232726288E-06,4
4097.32866433217,8.35904920438738E-06,4
4099.81490745373,8.39082020493799E-06,4
4102.30115057529,8.4226652637283E-06,4
4104.78739369685,8.45458431557195E-06,4
4107.27363681841,8.48657729528252E-06,4
4109.75987993997,8.51864413767363E-06,4
4112.24612306153,8.5507847775589E-06,4
4114.73236618309,8.58299914975193E-06,4
4117.21860930465,8.61528718906634E-06,4
4119.70485242621,8.64764883031574E-06,4
4122.19109554777,8.68008400831372E-06,4
4124.67733866934,8.71259265787391E-06,4
4127.1635817909,8.74517471380992E-06,4
4129.64982491246,8.77783011093535E-06,4
4132.13606803402,8.81055878406384E-06,4
4134.62231115558,8.84336066800896E-06,4
4137.10855427714,8.87623569758434E-06,4
4139.5947973987,8.90918380760359E-06,4
4142.08104052026,8.94220493288032E-06,4
4144.56728364182,8.97529900822815E-06,4
4147.05352676338,9.00846596846068E-06,4
4149.53976988494,9.04170574839152E-06,4
4152.0260130065,9.07501828283428E-06,4
4154.51225612806,9.10840350660257E-06,4
4156.99849924963,9.14186135451001E-06,4
4159.48474237119,9.17539176137021E-06,4
4161.97098549275,9.20899466199676E-06,4
4164.45722861431,9.2426699912033E-06,4
4166.94347173587,9.27641768380341E-06,4
4169.42971485743,9.31023767461073E-06,4
4171.91595797899,9.34412989843885E-06,4
4174.40220110055,9.37809429010141E-06,4
4176.88844422211,9.41213078441197E-06,4
4179.37468734367,9.44623931618418E-06,4
4181.86093046523,9.48041982023164E-06,4
4184.34717358679,9.51467223136796E-06,4
4186.83341670835,9.54899648440675E-06,4
4189.31965982992,9.58339251416163E-06,4
4191.80590295148,9.61786025544619E-06,4
4194.29214607304,9.65239964307406E-06,4
4196.7783891946,9.68701061185884E-06,4
4199.26463231616,9.72169309661414E-06,4
4201.75087543772,9.7564470321536E-06,4
4204.23711855928,9.79127235329078E-06,4
4206.72336168084,9.82616899483932E-06,4
4209.2096048024,9.86113689161282E-06,4
4211.69584792396,9.89617597842491E-06,4
4214.18209104552,9.93128619008918E-06,4
4216.66833416708,9.96646746141926E-06,4
4219.15457728865,1.00017197272287E-05,4
4221.64082041021,1.00370429223312E-05,4
4224.12706353177,1.00724369815404E-05,4
4226.61330665333,1.01079018396697E-05,4
4229.09954977489,1.01434374315329E-05,4
4231.58579289645,1.01790436919436E-05,4
4234.07203601801,1.02147205557154E-05,4
4236.55827913957,1.02504679576618E-05,4
4239.04452226113,1.02862858325965E-05,4
4241.53076538269,1.03221741153332E-05,4
4244.01700850425,1.03581327406853E-05,4
4246.50325162581,1.03941616434666E-05,4
4248.98949474737,1.04302607584906E-05,4
4251.47573786894,1.0466430020571E-05,4
4253.9619809905,1.05026693645213E-05,4
4256.44822411206,1.05389787251552E-05,4
4258.93446723362,1.05753580372862E-05,4
4261.42071035518,1.06118072357281E-05,4
4263.90695347674,1.06483262552943E-05,4
4266.3931965983,1.06849150307986E-05,4
4268.87943971986,1.07215734970545E-05,4
4271.36568284142,1.07583015888756E-05,4
4273.85192596298,1.07950992410755E-05,4
4276.33816908454,1.08319663884679E-05,4
4278.8244122061,1.08689029658664E-05,4
4281.31065532766,1.09059089080845E-05,4
4283.79689844922,1.09429841499359E-05,4
4286.28314157079,1.09801286262343E-05,4
4288.76938469235,1.10173422717931E-05,4
4291.25562781391,1.1054625021426E-05,4
4293.74187093547,1.10919768099467E-05,4
4296.22811405703,1.11293975721687E-05,4
4298.71435717859,1.11668872429056E-05,4
4301.20060030015,1.12044457569712E-05,4
4303.68684342171,1.12420730491788E-05,4
4306.17308654327,1.12797690543423E-05,4
4308.65932966483,1.13175337072751E-05,4
4311.14557278639,1.1355366942791E-05,4
4313.63181590796,1.13932686957034E-05,4
4316.11805902952,1.14312389008261E-05,4
4318.60430215108,1.14692774929726E-05,4
4321.09054527264,1.15073844069566E-05,4
4323.5767883942,1.15455595775916E-05,4
4326.06303151576,1.15838029396913E-05,4
4328.54927463732,1.16221144280692E-05,4
4331.03551775888,1.16604939775391E-05,4
4333.52176088044,1.16989415229144E-05,4
4336.008004002,1.17374569990088E-05,4
4338.49424712356,1.1776040340636E-05,4
4340.98049024512,1.18146914826094E-05,4
4343.46673336668,1.18534103597429E-05,4
4345.95297648824,1.18921969068498E-05,4
4348.43921960981,1.1931051058744E-05,4
4350.92546273137,1.19699727502389E-05,4
4353.41170585293,1.20089619161481E-05,4
4355.89794897449,1.20480184912854E-05,4
4358.38419209605,1.20871424104643E-05,4
4360.87043521761,1.21263336084984E-05,4
4363.35667833917,1.21655920202013E-05,4
4365.84292146073,1.22049175803866E-05,4
4368.32916458229,1.2244310223868E-05,4
4370.81540770385,1.2283769885459E-05,4
4373.30165082541,1.23232964999733E-05,4
4375.78789394697,1.23628900022245E-05,4
4378.27413706853,1.24025503270262E-05,4
4380.7603801901,1.24422774091919E-05,4
4383.24662331166,1.24820711835354E-05,4
4385.73286643322,1.25219315848702E-05,4
4388.21910955478,1.25618585480099E-05,4
4390.70535267634,1.26018520077682E-05,4
4393.1915957979,1.26419118989586E-05,4
4395.67783891946,1.26820381563947E-05,4
4398.16408204102,1.27222307148903E-05,4
4400.65032516258,1.27624895092588E-05,4
4403.13656828414,1.28028144743139E-05,4
4405.6228114057,1.28432055448692E-05,4
4408.10905452726,1.28836626557384E-05,4
4410.59529764882,1.29241857417349E-05,4
4413.08154077039,1.29647747376725E-05,4
4415.56778389195,1.30054295783648E-05,4
4418.05402701351,1.30461501986252E-05,4
4420.54027013507,1.30869365332676E-05,4
4423.02651325663,1.31277885171054E-05,4
4425.51275637819,1.31687060849524E-05,4
4427.99899949975,1.3209689171622E-05,4
4430.48524262131,1.32507377119279E-05,4
4432.97148574287,1.32918516406838E-05,4
4435.45772886443,1.33330308927031E-05,4
4437.94397198599,1.33742754027997E-05,4
4440.43021510755,1.34155851057869E-05,4
4442.91645822912,1.34569599364786E-05,4
4445.40270135068,1.34983998296882E-05,4
4447.88894447224,1.35399047202294E-05,4
4450.3751875938,1.35814745429157E-05,4
4452.86143071536,1.36231092325609E-05,4
4455.34767383692,1.36648087239785E-05,4
4457.83391695848,1.37065729519822E-05,4
4460.32016008004,1.37484018513854E-05,4
4462.8064032016,1.37902953570019E-05,4
4465.29264632316,1.38322534036453E-05,4
4467.77888944472,1.38742759261291E-05,4
4470.26513256628,1.39163628592671E-05,4
4472.75137568784,1.39585141378727E-05,4
4475.23761880941,1.40007296967595E-05,4
4477.72386193097,1.40430094707414E-05,4
4480.21010505253,1.40853533946317E-05,4
4482.69634817409,1.41277614032442E-05,4
4485.18259129565,1.41702334313924E-05,4
4487.66883441721,1.42127694138899E-05,4
4490.15507753877,1.42553692855504E-05,4
4492.64132066033,1.42980329811875E-05,4
4495.12756378189,1.43407604356148E-05,4
4497.61380690345,1.43835515836459E-05,4
4500.10005002501,1.44264063600944E-05,4
4502.58629314657,1.44693246997739E-05,4
4505.07253626813,1.4512306537498E-05,4
4507.5587793897,1.45553518080803E-05,4
4510.04502251126,1.45984604463346E-05,4
4512.53126563282,1.46416323870742E-05,4
4515.01750875438,1.4684867565113E-05,4
4517.50375187594,1.47281659152644E-05,4
4519.9899949975,1.47715273723421E-05,4
4522.47623811906,1.48149518711597E-05,4
4524.96248124062,1.48584393465308E-05,4
4527.44872436218,1.4901989733269E-05,4
4529.93496748374,1.4945602966188E-05,4
4532.4212106053,1.49892789801013E-05,4
4534.90745372686,1.50330177098226E-05,4
4537.39369684842,1.50768190901654E-05,4
4539.87993996999,1.51206830559434E-05,4
4542.36618309155,1.51646095419702E-05,4
4544.85242621311,1.52085984830594E-05,4
4547.33866933467,1.52526498140246E-05,4
4549.82491245623,1.52967634696794E-05,4
4552.31115557779,1.53409393848375E-05,4
4554.79739869935,1.53851774943124E-05,4
4557.28364182091,1.54294777329177E-05,4
4559.76988494247,1.54738400354671E-05,4
4562.25612806403,1.55182643367741E-05,4
4564.74237118559,1.55627505716525E-05,4
4567.22861430715,1.56072986749157E-05,4
4569.71485742872,1.56519085813774E-05,4
4572.20110055028,1.56965802258513E-05,4
4574.68734367184,1.57413135431509E-05,4
4577.1735867934,1.57861084680898E-05,4
4579.65982991496,1.58309649354816E-05,4
4582.14607303652,1.587588288014E-05,4
4584.63231615808,1.59208622368786E-05,4
4587.11855927964,1.59659029405109E-05,4
4589.6048024012,1.60110049258506E-05,4
4592.09104552276,1.60561681277114E-05,4
4594.57728864432,1.61013924809067E-05,4
4597.06353176588,1.61466779202503E-05,4
4599.54977488744,1.61920243805557E-05,4
4602.03601800901,1.62374317966365E-05,4
4604.52226113057,1.62829001033063E-05,4
4607.00850425213,1.63284292353789E-05,4
4609.49474737369,1.63740191276677E-05,4
4611.98099049525,1.64196697149864E-05,4
4614.46723361681,1.64653809321486E-05,4
4616.95347673837,1.65111527139678E-05,4
4619.43971985993,1.65569849952578E-05,4
4621.92596298149,1.66028777108322E-05,4
4624.41220610305,1.66488307955044E-05,4
4626.89844922461,1.66948441840882E-05,4
4629.38469234617,1.67409178113972E-05,4
4631.87093546773,1.67870516122449E-05,4
4634.3571785893,1.6833245521445E-05,4
4636.84342171086,1.68794994738111E-05,4
4639.32966483242,1.69258134041568E-05,4
4641.81590795398,1.69721872472957E-05,4
4644.30215107554,1.70186209380414E-05,4
4646.7883941971,1.70651144112076E-05,4
4649.27463731866,1.71116676016077E-05,4
4651.76088044022,1.71582804440556E-05,4
4654.24712356178,1.72049528733647E-05,4
4656.73336668334,1.72516848243487E-05,4
4659.2196098049,1.72984762318211E-05,4
4661.70585292646,1.73453270305957E-05,4
4664.19209604803,1.7392237155486E-05,4
4666.67833916959,1.74392065413055E-05,4
4669.16458229115,1.7486235122868E-05,4
4671.65082541271,1.75333228349871E-05,4
4674.13706853427,1.75804696124762E-05,4
4676.62331165583,1.76276753901492E-05,4
4679.10955477739,1.76749401028195E-05,4
4681.59579789895,1.77222636853008E-05,4
4684.08204102051,1.77696460724066E-05,4
4686.56828414207,1.78170871989507E-05,4
4689.05452726363,1.78645869997466E-05,4
4691.54077038519,1.79121454096079E-05,4
4694.02701350675,1.79597623633483E-05,4
4696.51325662832,1.80074377957812E-05,4
4698.99949974988,1.80551716417205E-05,4
4701.48574287144,1.81029638359796E-05,4
4703.971985993,1.81508143133721E-05,4
4706.45822911456,1.81987230087118E-05,4
4708.94447223612,1.82466898568121E-05,4
4711.43071535768,1.82947147924868E-05,4
4713.91695847924,1.83427977505494E-05,4
4716.4032016008,1.83909386658134E-05,4
4718.88944472236,1.84391374730927E-05,4
4721.37568784392,1.84873941072007E-05,4
4723.86193096548,1.8535708502951E-05,4
4726.34817408704,1.85840805951573E-05,4
4728.8344172086,1.86325103186332E-05,4
4731.32066033017,1.86809976081923E-05,4
4733.80690345173,1.87295423986482E-05,4
4736.29314657329,1.87781446248145E-05,4
4738.77938969485,1.88268042215048E-05,4
4741.26563281641,1.88755211235328E-05,4
4743.75187593797,1.89242952657119E-05,4
4746.23811905953,1.8973126582856E-05,4
4748.72436218109,1.90220150097785E-05,4
4751.21060530265,1.90709604812931E-05,4
4753.69684842421,1.91199629322134E-05,4
4756.18309154577,1.91690222973529E-05,4
4758.66933466733,1.92181385115254E-05,4
4761.15557778889,1.92673115095444E-05,4
4763.64182091046,1.93165412262235E-05,4
4766.12806403202,1.93658275963764E-05,4
4768.61430715358,1.94151705548166E-05,4
4771.10055027514,1.94645700363578E-05,4
4773.5867933967,1.95140259758135E-05,4
4776.07303651826,1.95635383079974E-05,4
4778.55927963982,1.96131069677231E-05,4
4781.04552276138,1.96627318898042E-05,4
4783.53176588294,1.97124130090544E-05,4
4786.0180090045,1.97621502602871E-05,4
4788.50425212606,1.98119435783161E-05,4
4790.99049524762,1.98617928979549E-05,4
4793.47673836919,1.99116981540172E-05,4
4795.96298149075,1.99616592813166E-05,4
4798.44922461231,2.00116762146666E-05,4
4800.93546773387,2.00617488888809E-05,4
4803.42171085543,2.01118772387731E-05,4
4805.90795397699,2.01620611991569E-05,4
4808.39419709855,2.02123007048457E-05,4
4810.88044022011,2.02625956906533E-05,4
4813.36668334167,2.03129460913932E-05,4
4815.85292646323,2.0363351841879E-05,4
4818.33916958479,2.04138128769244E-05,4
4820.82541270635,2.0464329131343E-05,4
4823.31165582791,2.05149005399484E-05,4
4825.79789894948,2.05655270375542E-05,4
4828.28414207104,2.06162085589739E-05,4
4830.7703851926,2.06669450390213E-05,4
4833.25662831416,2.07177364125099E-05,4
4835.74287143572,2.07685826142534E-05,4
4838.22911455728,2.08194835790653E-05,4
4840.71535767884,2.08704392417592E-05,4
4843.2016008004,2.09214495371488E-05,4
4845.68784392196,2.09725144000477E-05,4
4848.17408704352,2.10236337652695E-05,4
4850.66033016508,2.10748075676278E-05,4
4853.14657328664,2.11260357419361E-05,4
4855.6328164082,2.11773182230083E-05,4
4858.11905952977,2.12286549456577E-05,4
4860.60530265133,2.12800458446981E-05,4
4863.09154577289,2.1331490854943E-05,4
4865.57778889445,2.13829899112061E-05,4
4868.06403201601,2.1434542948301E-05,4
4870.55027513757,2.14861499010412E-05,4
4873.03651825913,2.15378107042404E-05,4
4875.52276138069,2.15895252927123E-05,4
4878.00900450225,2.16412936012704E-05,4
4880.49524762381,2.16931155647283E-05,4
4882.98149074537,2.17449911178996E-05,4
4885.46773386693,2.17969201955979E-05,4
4887.95397698849,2.1848902732637E-05,4
4890.44022011006,2.19009386638303E-05,4
4892.92646323162,2.19530279239915E-05,4
4895.41270635318,2.20051704479341E-05,4
4897.89894947474,2.20573661704719E-05,4
4900.3851925963,2.21096150264184E-05,4
4902.87143571786,2.21619169505872E-05,4
4905.35767883942,2.22142718777919E-05,4
4907.84392196098,2.22666797428462E-05,4
4910.33016508254,2.23191404805636E-05,4
4912.8164082041,2.23716540257578E-05,4
4915.30265132566,2.24242203132423E-05,4
4917.78889444722,2.24768392778309E-05,4
4920.27513756879,2.2529510854337E-05,4
4922.76138069035,2.25822349775744E-05,4
4925.24762381191,2.26350115823566E-05,4
4927.73386693347,2.26878406034971E-05,4
4930.22011005503,2.27407219758098E-05,4
4932.70635317659,2.27936556341081E-05,4
4935.19259629815,2.28466415132056E-05,4
4937.67883941971,2.2899679547916E-05,4
4940.16508254127,2.29527696730529E-05,4
4942.65132566283,2.30059118234299E-05,4
4945.13756878439,2.30591059338606E-05,4
4947.62381190595,2.31123519391585E-05,4
4950.11005502751,2.31656497741375E-05,4
4952.59629814908,2.32189993736109E-05,4
4955.08254127064,2.32724006723925E-05,4
4957.5687843922,2.33258536052958E-05,4
4960.05502751376,2.33793581071345E-05,4
4962.54127063532,2.34329141127222E-05,4
4965.02751375688,2.34865215568725E-05,4
4967.51375687844,2.3540180374399E-05,4
4970,2.35938905001152E-05,4
